model,window,accuracy,auc,precision,recall,f1_score,positive_rate_pred,positive_rate_true,mean_return,std_return,sharpe,hit_ratio,expectancy
logistic,1,0.513121546961326,0.5330419820928578,0.5082097457627118,0.8814882866329812,0.6447169494372585,0.8692449355432781,0.5011510128913443,-0.00047204100021381267,0.012107849970942169,-3.648923379183513,0.44175874769797424,-0.00047204100021381267
logistic,2,0.5006793478260869,0.5442650297526249,0.4978431870083735,0.896709323583181,0.6402349486049926,0.8924365942028986,0.4954710144927536,-3.877404993140515e-05,0.008872196400719972,-0.40903650718957485,0.44429347826086957,-3.877404993140515e-05
logistic,3,0.5173842965691918,0.5603546752961286,0.5161629434954008,0.8850833708877873,0.6520584329349269,0.8761224959705273,0.5109371402256505,0.0001569878645945021,0.007438590516018073,1.9752746177353935,0.4522219663826848,0.0001569878645945021
logistic,4,0.5215126811594203,0.5558803575315479,0.5156644770085902,0.9123826553419758,0.6589184826472962,0.896286231884058,0.5065670289855072,0.00023673731615657753,0.0058899384518194065,3.76190666553281,0.46218297101449274,0.00023673731615657753
logistic,5,0.5228937728937729,0.5380155888229751,0.5227403569372481,0.8099910793933988,0.635409377186844,0.7953296703296703,0.5132783882783882,0.00021354194290163243,0.008469183027846631,2.3599006743613997,0.4157509157509158,0.00021354194290163243
logistic,6,0.5305706521739131,0.5366964358212453,0.5344528083381587,0.7987884032886197,0.6404163052905464,0.7821557971014492,0.5233242753623188,0.00032182957892132135,0.00839225347867757,3.5892145310261703,0.4180253623188406,0.00032182957892132135
logistic,7,0.5234806629834254,0.5395972348633244,0.5220567575161562,0.8343062415806017,0.6422398893881783,0.8192909760589319,0.5126611418047882,0.0001929212325271633,0.007781126465213951,2.3205429289071846,0.42771639042357273,0.0001929212325271633
logistic,8,0.5219655797101449,0.5232086352520069,0.5193736730360934,0.8670801949490474,0.6496265560165975,0.8532608695652174,0.5110960144927537,-0.00010556851041271337,0.006580958453440434,-1.501403063509174,0.443161231884058,-0.00010556851041271337
