model,window,accuracy,auc,precision,recall,f1_score,positive_rate_pred,positive_rate_true,mean_return,std_return,sharpe,hit_ratio,expectancy
xgb,1,0.5273941068139963,0.5405534938725727,0.5230826507818317,0.645383555351401,0.5778326136129961,0.6183241252302025,0.5011510128913443,-0.0003481059334711767,0.011043607443792234,-2.9502071973481248,0.32343462246777166,-0.0003481059334711767
xgb,2,0.5378170289855072,0.5494855856491586,0.5259076489249207,0.6819012797074955,0.5938308457711443,0.6424365942028986,0.4954710144927536,-2.4926701770188325e-05,0.007876398536801754,-0.29620281935290826,0.3378623188405797,-2.4926701770188325e-05
xgb,3,0.5348837209302325,0.5511165978804861,0.5389432485322896,0.6205497972059486,0.5768747381650607,0.5883030163481464,0.5109371402256505,0.00022934104808787004,0.006599187028450989,3.252695501479644,0.3170619387520147,0.00022934104808787004
xgb,4,0.5516304347826086,0.5591327424804946,0.5508105970739423,0.6227089852481001,0.5845572807385648,0.5726902173913043,0.5065670289855072,0.00013853928587301157,0.004735477928325719,2.7381748741374774,0.31544384057971014,0.00013853928587301157
xgb,5,0.5306776556776557,0.547971548048334,0.5393442622950819,0.5869759143621767,0.5621529260999573,0.5586080586080586,0.5132783882783882,0.00023013260437582076,0.0075376811145286575,2.857540832886534,0.30128205128205127,0.00023013260437582076
xgb,6,0.5323822463768116,0.539183559779676,0.5515075376884422,0.569883167459974,0.5605447967652692,0.5407608695652174,0.5233242753623188,0.0003231686600458471,0.007448195794410224,4.060973972033495,0.2982336956521739,0.0003231686600458471
xgb,7,0.5264732965009208,0.5286585659443439,0.536108751062022,0.5666816344858554,0.5509714036236629,0.5418968692449355,0.5126611418047882,9.583547887988019e-05,0.00674401194720311,1.330025719989781,0.2905156537753223,9.583547887988019e-05
xgb,8,0.5330615942028986,0.5390609175755607,0.5404732254047323,0.5768719539211342,0.5580797256750964,0.545516304347826,0.5110960144927537,-5.5030923438309536e-05,0.005501462308365027,-0.936226030013707,0.29483695652173914,-5.5030923438309536e-05
