model,window,accuracy,auc,precision,recall,f1_score,positive_rate_pred,positive_rate_true,mean_return,std_return,sharpe,hit_ratio,expectancy
rf,1,0.537292817679558,0.5548926892064306,0.5303967965052785,0.6692696371152963,0.5917952883834281,0.632366482504604,0.5011510128913443,-0.0003334274889946549,0.011319668754571566,-2.7568918945524667,0.3354051565377532,-0.0003334274889946549
rf,2,0.535552536231884,0.5519136533860227,0.5239761988099405,0.6841864716636198,0.5934588701684836,0.6469655797101449,0.4954710144927536,-9.338978769803346e-05,0.008129494728660034,-1.0751966124797565,0.3389945652173913,-9.338978769803346e-05
rf,3,0.5450149666129404,0.5638338726747003,0.5470747772181325,0.6363226678684092,0.5883333333333334,0.594289661524292,0.5109371402256505,0.00019197480655664428,0.006412596644670269,2.801962820393108,0.3251208841814414,0.00019197480655664428
rf,4,0.5466485507246377,0.5704558262588209,0.545916373583431,0.6244970943227537,0.5825688073394495,0.579483695652174,0.5065670289855072,0.00013335965799375724,0.004792623810485785,2.604373004717984,0.3163496376811594,0.00013335965799375724
rf,5,0.5366300366300366,0.5483802343526434,0.545265780730897,0.5856378233719893,0.5647311827956989,0.5512820512820513,0.5132783882783882,0.0002080827586383388,0.007371611694960414,2.6419567245462985,0.3005952380952381,0.0002080827586383388
rf,6,0.5344202898550725,0.542779498237799,0.5527077304671352,0.5785374296841195,0.5653276955602538,0.5477807971014492,0.5233242753623188,0.00039156136780518465,0.007288598963345823,5.028145484316336,0.3027626811594203,0.00039156136780518465
rf,7,0.5306169429097606,0.5368567876656121,0.5384930384930385,0.5904804669959587,0.5632897836795888,0.5621546961325967,0.5126611418047882,0.00014656145279610052,0.006817690873722927,2.0120302633257947,0.30271639042357273,0.00014656145279610052
rf,8,0.5330615942028986,0.540324651031642,0.539714867617108,0.5870624723083739,0.5623938879456706,0.5559329710144928,0.5110960144927537,-4.1862219218686105e-05,0.00551859093458086,-0.7099799715881745,0.30004528985507245,-4.1862219218686105e-05
