model,mean_auc,std_auc,mean_accuracy,std_accuracy,mean_sharpe_window,std_sharpe_window,sharpe_global_oos,windows_auc_below_random,windows_sharpe_negative,auc_slope,sharpe_slope,final_equity_multiple
logistic,0.5413824924290889,0.012040267824819697,0.5189510675346601,0.00892044103784386,1.055934558460087,2.6378114499824616,0.7112731164529856,0,3,-0.0021549034460200175,0.3823851564155368,2.722872517627391
rf,0.5511796516017089,0.01163369741882082,0.5374047168558486,0.005622035522903431,1.3182999773348905,2.5718658072301768,0.9519868368941152,0,3,-0.003124991798124469,0.4342934470401881,5.370357768874579
xgb,0.5443953764038284,0.00940433607548097,0.534290010533829,0.007931265878734285,1.257096856726524,2.4357247391662145,0.9352702698259563,0,3,-0.0019231362064017594,0.2949191933150593,5.109768039493617
