final_value,sharpe_daily,max_drawdown_pct,total_trades,cagr,calmar_ratio,exposure
1780962.0764221998,0.9606586732381259,77.06307333034634,0,0.49405136659251014,0.6411000045049589,0.999984067299726
