final_value,cagr,sharpe,sortino,volatility,max_drawdown_pct,calmar_ratio,total_trades,win_rate,profit_factor,expectancy_per_trade,net_pnl,exposure,avg_trade_duration
232964.20500441737,0.1777260471791824,0.5716605936987862,0.00045595642506454843,2.8705720858910904,77.09907124355472,0.23051645669991105,0,,,,132964.20500441737,0.9999779083638934,
